guilhem0011,976f0689-52e9-3dfc-b5c9-5c04140983bd
girafeimposante,04b23620-c726-3f8f-8e21-e3134f1deca5
nathanbosy,2f91965a-6991-3f5f-abf6-1bc712190fe7
coolthor2004,74e493bb-a64b-3fb9-b2e3-9cb686a2eadf
leofz34,77b16d61-9812-32d3-94bf-7d20adcd26c2
remilami4977,2377e079-5fa5-3055-97ff-176bf98acc82
foxtrotm,d8737c78-3922-343b-a823-77aad601e82f
purplegirl2995,cc34e854-5049-360e-bf35-68c0ef8f214c
rapthor,1c0287ec-d56c-3338-8f7c-8376691d8a31
_bedbed,d19c8021-c729-3a55-ab63-f57e0b727720
corveemonster90,c6473f13-f057-31d9-8001-5b881cf70e49
wearyyard846477,987123dc-80d7-3aa8-b037-d4edf218d14d
euze_bio,7a098175-db3b-3e19-afca-78ba3b91d366
